ride_id,driver_id,distance_km,fare_usd,ride_type,city,timestamp
1,1041,12.950678126970463,7.886968408421047,pool,Berlin,2025-01-01 00:00:00
2,1046,2.6561555580337735,10.112959175883045,premium,Nairobi,2025-01-01 00:01:00
3,1005,2.9612601803329155,69.9732909700065,standard,Berlin,2025-01-01 00:02:00
4,1001,3.9546727966776,62.558295990276676,pool,Berlin,2025-01-01 00:03:00
5,1004,14.7946278019917,31.846652582724065,pool,Seoul,2025-01-01 00:04:00
6,1031,17.49163452138236,50.572310849664014,standard,Berlin,2025-01-01 00:05:00
7,1004,13.527846507430906,31.32588806591623,standard,Seoul,2025-01-01 00:06:00
8,1041,2.406013303277271,48.09369551686305,pool,Seoul,2025-01-01 00:07:00
9,1032,25.22663938812024,24.58125434391093,premium,Seoul,2025-01-01 00:08:00
10,1016,2.426872396634417,61.3820165155657,premium,Berlin,2025-01-01 00:09:00
11,1030,3.1784941122400037,61.64390112742942,standard,Berlin,2025-01-01 00:10:00
12,1046,18.459322992683603,67.78529049059124,standard,Nairobi,2025-01-01 00:11:00
13,1018,8.275055542293346,22.041601926155572,premium,Nairobi,2025-01-01 00:12:00
14,1032,11.979497833421863,20.682171594157634,premium,Seoul,2025-01-01 00:13:00
15,1001,5.966228693906017,5.907622707074278,standard,Lima,2025-01-01 00:14:00
16,1031,4.122208691074113,59.71527984928313,pool,Berlin,2025-01-01 00:15:00
17,1010,9.887649166297482,30.764255722027716,premium,Seoul,2025-01-01 00:16:00
18,1034,24.351586565266796,73.9112290530758,premium,Berlin,2025-01-01 00:17:00
19,1014,23.477561149948873,69.82535913753578,standard,Nairobi,2025-01-01 00:18:00
20,1029,23.841256908127562,45.86966355922782,premium,Toronto,2025-01-01 00:19:00
21,1013,23.47413897540016,73.89098437632762,premium,Berlin,2025-01-01 00:20:00
22,1000,14.092992281905232,51.97915514644984,premium,Toronto,2025-01-01 00:21:00
23,1037,11.739187659390138,42.97933839815962,standard,Toronto,2025-01-01 00:22:00
24,1028,26.93504774628393,16.653329437678707,pool,Lima,2025-01-01 00:23:00
25,1028,7.999588858538941,13.766356399847936,premium,Berlin,2025-01-01 00:24:00
26,1044,26.610405914520932,32.18287792332163,premium,Toronto,2025-01-01 00:25:00
27,1008,20.54905737479525,39.36772562141422,standard,Lima,2025-01-01 00:26:00
28,1034,11.684044132367791,32.60225816900302,pool,Berlin,2025-01-01 00:27:00
29,1037,14.559350078586785,14.033274323962154,standard,Nairobi,2025-01-01 00:28:00
30,1041,2.8514270519911937,34.067525865120245,pool,Lima,2025-01-01 00:29:00
31,1036,26.91566031821394,68.2344162736527,premium,Seoul,2025-01-01 00:30:00
32,1017,11.156908869832868,73.62110852566958,standard,Berlin,2025-01-01 00:31:00
33,1040,4.470405529650855,9.412380302342363,pool,Toronto,2025-01-01 00:32:00
34,1044,4.319177259254765,23.031557617061495,premium,Lima,2025-01-01 00:33:00
35,1014,1.9483998593181737,47.58021471489854,pool,Nairobi,2025-01-01 00:34:00
36,1037,20.238794387323324,9.748281060152554,standard,Nairobi,2025-01-01 00:35:00
37,1031,25.52782498955672,74.26424463583866,premium,Lima,2025-01-01 00:36:00
38,1047,16.584709015077138,65.60966342809219,premium,Seoul,2025-01-01 00:37:00
39,1039,27.099186083968203,73.68855120578232,standard,Lima,2025-01-01 00:38:00
40,1021,10.891234524330395,6.599829912188461,premium,Berlin,2025-01-01 00:39:00
41,1015,23.991817253172773,74.28130166666719,pool,Nairobi,2025-01-01 00:40:00
42,1046,17.325225723606053,38.54641338046963,premium,Berlin,2025-01-01 00:41:00
43,1046,21.676807846752205,10.532057602114271,standard,Toronto,2025-01-01 00:42:00
44,1040,18.10033308655764,64.48775193308487,pool,Seoul,2025-01-01 00:43:00
45,1044,24.662452597463176,17.663664380063338,pool,Toronto,2025-01-01 00:44:00
46,1016,12.810767207368226,70.730862280931,premium,Seoul,2025-01-01 00:45:00
47,1008,1.7860999599700036,44.094461667747545,premium,Seoul,2025-01-01 00:46:00
48,1021,27.802024595346893,51.381043215834644,standard,Seoul,2025-01-01 00:47:00
49,1018,12.996921515331127,54.62727230598912,premium,Berlin,2025-01-01 00:48:00
50,1020,7.446597441984134,12.4865126905315,premium,Berlin,2025-01-01 00:49:00
51,1044,6.239672859559892,72.43368737809841,premium,Nairobi,2025-01-01 00:50:00
52,1018,5.009465491588733,35.54288265372013,pool,Berlin,2025-01-01 00:51:00
53,1001,2.854336965042847,31.174216787621624,standard,Berlin,2025-01-01 00:52:00
54,1024,22.24520826054831,29.048003617009165,standard,Lima,2025-01-01 00:53:00
55,1043,19.472085923458415,8.586640334659304,premium,Berlin,2025-01-01 00:54:00
56,1041,24.63491120627241,46.586330145142846,pool,Nairobi,2025-01-01 00:55:00
57,1001,10.78819156294401,45.447367525894066,standard,Nairobi,2025-01-01 00:56:00
58,1046,11.55059263805119,11.265024864553762,premium,Seoul,2025-01-01 00:57:00
59,1043,29.43170661155637,23.303153218555018,premium,Lima,2025-01-01 00:58:00
60,1006,5.420538660692934,25.33118266247252,pool,Seoul,2025-01-01 00:59:00
61,1017,2.179099753407026,24.540267135816322,premium,Berlin,2025-01-01 01:00:00
62,1012,27.585711578256156,51.87398365335146,standard,Berlin,2025-01-01 01:01:00
63,1001,17.839886208275782,71.19326791827937,premium,Lima,2025-01-01 01:02:00
64,1003,21.698414654566367,74.8185109126639,premium,Toronto,2025-01-01 01:03:00
65,1024,18.98177737853059,62.02487008838349,pool,Nairobi,2025-01-01 01:04:00
66,1028,13.590717136254867,67.18135518050302,standard,Berlin,2025-01-01 01:05:00
67,1049,9.271264336596987,53.583653411546045,pool,Nairobi,2025-01-01 01:06:00
68,1023,19.637320353890157,18.14590951637054,standard,Seoul,2025-01-01 01:07:00
69,1006,20.685568824075723,38.65297741066335,standard,Toronto,2025-01-01 01:08:00
70,1001,27.047745400736503,9.090532577794953,premium,Nairobi,2025-01-01 01:09:00
71,1022,20.109355599907907,66.37816819111401,pool,Lima,2025-01-01 01:10:00
72,1027,1.997001039862965,59.641012315634306,pool,Lima,2025-01-01 01:11:00
73,1016,19.577663972378538,16.614171131902978,standard,Lima,2025-01-01 01:12:00
74,1036,19.618719349782967,17.387186556930395,premium,Seoul,2025-01-01 01:13:00
75,1019,15.716962532030633,45.14320985497253,standard,Berlin,2025-01-01 01:14:00
76,1004,2.846071972481056,13.330852365465002,standard,Nairobi,2025-01-01 01:15:00
77,1002,19.608584740763064,5.568379593228293,standard,Berlin,2025-01-01 01:16:00
78,1041,5.822655085782323,18.18388152725549,pool,Seoul,2025-01-01 01:17:00
79,1047,26.63374315885021,43.70020837745691,pool,Toronto,2025-01-01 01:18:00
80,1044,23.99728348957691,21.693671588989645,premium,Lima,2025-01-01 01:19:00
81,1027,23.50646470569103,12.837000356290641,standard,Nairobi,2025-01-01 01:20:00
82,1019,29.472721746513866,26.612102473029474,standard,Berlin,2025-01-01 01:21:00
83,1035,2.721973467725827,61.03261195743093,pool,Nairobi,2025-01-01 01:22:00
84,1042,18.72959103658279,57.457934079483046,standard,Seoul,2025-01-01 01:23:00
85,1043,18.939103927928137,24.709258525561587,standard,Berlin,2025-01-01 01:24:00
86,1022,4.358525085023908,19.218414810531186,pool,Seoul,2025-01-01 01:25:00
87,1000,15.34012083840764,6.888001098421791,standard,Berlin,2025-01-01 01:26:00
88,1027,4.017087406379655,22.202075268400463,premium,Nairobi,2025-01-01 01:27:00
89,1033,9.890343235296053,26.947587199457814,premium,Seoul,2025-01-01 01:28:00
90,1038,8.038200832327794,36.89098433214508,premium,Nairobi,2025-01-01 01:29:00
91,1033,11.642329936913649,46.30832290585686,pool,Seoul,2025-01-01 01:30:00
92,1037,15.408094325076204,47.84464953257146,premium,Toronto,2025-01-01 01:31:00
93,1022,20.01458582662935,65.80352038941038,premium,Nairobi,2025-01-01 01:32:00
94,1015,13.551132265578623,26.59206417395612,standard,Nairobi,2025-01-01 01:33:00
95,1045,29.83339220998254,53.69722762569026,premium,Toronto,2025-01-01 01:34:00
96,1034,22.33896584892496,12.7530103061077,premium,Toronto,2025-01-01 01:35:00
97,1004,10.016404377443674,55.72449059157917,pool,Seoul,2025-01-01 01:36:00
98,1003,12.543515771411958,71.34219957542092,pool,Nairobi,2025-01-01 01:37:00
99,1046,10.181422999014478,67.53500182195687,pool,Berlin,2025-01-01 01:38:00
100,1034,8.686731080732025,39.68974813031511,pool,Lima,2025-01-01 01:39:00
101,1037,27.378363065567033,53.34272740023148,premium,Nairobi,2025-01-01 01:40:00
102,1017,19.169144280601213,13.8458903732074,standard,Berlin,2025-01-01 01:41:00
103,1034,5.699013116537516,73.968356935695,standard,Toronto,2025-01-01 01:42:00
104,1020,14.982146924425189,61.62399642220414,standard,Toronto,2025-01-01 01:43:00
105,1030,24.090279073814262,5.506619383235549,pool,Seoul,2025-01-01 01:44:00
106,1044,16.070026462773136,31.353887731937615,premium,Lima,2025-01-01 01:45:00
107,1027,23.84771834001817,74.37194029521606,pool,Nairobi,2025-01-01 01:46:00
108,1043,8.371962971866195,70.52581596311258,pool,Nairobi,2025-01-01 01:47:00
109,1010,24.838034820051398,40.43907855355212,standard,Nairobi,2025-01-01 01:48:00
110,1025,17.459749475392673,5.003504813200305,premium,Nairobi,2025-01-01 01:49:00
111,1025,4.5086125689856615,31.480947796060526,standard,Nairobi,2025-01-01 01:50:00
112,1036,16.633160343872,42.40298531967634,pool,Lima,2025-01-01 01:51:00
113,1034,1.2133450059985385,35.78496699702132,pool,Toronto,2025-01-01 01:52:00
114,1015,19.636555403082827,15.945631827615895,pool,Berlin,2025-01-01 01:53:00
115,1012,12.662673256158897,59.56198806678472,standard,Berlin,2025-01-01 01:54:00
116,1037,21.92058438572367,37.17923195215779,pool,Nairobi,2025-01-01 01:55:00
117,1049,24.238692158773322,62.63991338132255,premium,Nairobi,2025-01-01 01:56:00
118,1005,21.884076679835875,32.09164954673993,premium,Berlin,2025-01-01 01:57:00
119,1001,9.055490554819702,57.73584348899009,pool,Berlin,2025-01-01 01:58:00
120,1027,13.178944439228514,16.379498523819272,premium,Seoul,2025-01-01 01:59:00
121,1034,25.068121407779977,40.79438834592269,standard,Seoul,2025-01-01 02:00:00
122,1003,1.1026254384092173,56.38880119345603,pool,Berlin,2025-01-01 02:01:00
123,1043,29.553881205434447,9.573378011737327,premium,Berlin,2025-01-01 02:02:00
124,1037,10.847199084477133,18.332402042549738,standard,Seoul,2025-01-01 02:03:00
125,1049,11.20127593513198,72.0191638419789,premium,Lima,2025-01-01 02:04:00
126,1043,16.20802278832509,10.065568282885899,premium,Seoul,2025-01-01 02:05:00
127,1028,8.153804782109463,60.27578310133564,standard,Toronto,2025-01-01 02:06:00
128,1023,23.338313442226127,18.8678033202368,premium,Nairobi,2025-01-01 02:07:00
129,1035,11.27890269067681,63.623497021803566,standard,Toronto,2025-01-01 02:08:00
130,1016,28.937936910759785,29.312289246792307,premium,Nairobi,2025-01-01 02:09:00
131,1006,12.921197863915104,13.845584720724256,premium,Toronto,2025-01-01 02:10:00
132,1011,26.11232998283025,30.11809747705949,pool,Seoul,2025-01-01 02:11:00
133,1016,22.408583891121094,58.15516032718424,standard,Berlin,2025-01-01 02:12:00
134,1005,16.630338183800493,38.06076200447326,pool,Berlin,2025-01-01 02:13:00
135,1022,23.590163390237283,28.062871688208357,premium,Lima,2025-01-01 02:14:00
136,1013,7.918209432547822,32.396886469740345,pool,Seoul,2025-01-01 02:15:00
137,1017,29.96637710840425,14.892331092722657,pool,Lima,2025-01-01 02:16:00
138,1000,7.8965343360700935,44.06306660145431,premium,Lima,2025-01-01 02:17:00
139,1035,2.2461903515714883,67.40246212089116,pool,Berlin,2025-01-01 02:18:00
140,1034,8.450783996928552,56.458140538574796,premium,Berlin,2025-01-01 02:19:00
141,1026,1.6072830105835951,9.301341347633999,pool,Lima,2025-01-01 02:20:00
142,1047,12.022753938628247,47.30971231671054,pool,Lima,2025-01-01 02:21:00
143,1023,2.065236764362811,52.16119537768448,standard,Lima,2025-01-01 02:22:00
144,1046,5.833937021972768,8.712863683367935,pool,Nairobi,2025-01-01 02:23:00
145,1038,13.001642023227387,14.647186390750987,standard,Seoul,2025-01-01 02:24:00
146,1023,6.376702995937198,20.565758012976357,premium,Nairobi,2025-01-01 02:25:00
147,1025,19.189374697949628,7.745865061579829,pool,Berlin,2025-01-01 02:26:00
148,1016,13.033336182000653,5.083039233397871,premium,Nairobi,2025-01-01 02:27:00
149,1047,19.64147897134899,44.440870175965514,premium,Seoul,2025-01-01 02:28:00
150,1018,21.606352448792485,34.48847046089201,premium,Berlin,2025-01-01 02:29:00
151,1002,29.064105858976337,14.400785319253288,pool,Lima,2025-01-01 02:30:00
152,1039,25.451726763054346,30.75373324429169,premium,Nairobi,2025-01-01 02:31:00
153,1043,6.591084572508158,58.88080945314717,premium,Seoul,2025-01-01 02:32:00
154,1022,17.69149040590324,43.651476699145064,premium,Lima,2025-01-01 02:33:00
155,1030,17.523488651549556,60.26948311724913,standard,Nairobi,2025-01-01 02:34:00
156,1038,26.469943748720507,44.366995059748454,pool,Toronto,2025-01-01 02:35:00
157,1018,28.776818109308927,71.86324935411368,pool,Nairobi,2025-01-01 02:36:00
158,1022,13.28767940821943,5.139933138345839,pool,Lima,2025-01-01 02:37:00
159,1049,23.256886956200063,22.04450611098066,pool,Seoul,2025-01-01 02:38:00
160,1037,9.848070145242502,47.13058357518346,premium,Nairobi,2025-01-01 02:39:00
161,1016,5.911021368746041,60.282625308833225,premium,Nairobi,2025-01-01 02:40:00
162,1001,6.115226816764048,55.40849064302577,standard,Berlin,2025-01-01 02:41:00
163,1042,13.288143180514709,23.040647950481095,standard,Toronto,2025-01-01 02:42:00
164,1002,6.804258989387695,25.210540399533553,pool,Lima,2025-01-01 02:43:00
165,1011,4.564139944289834,71.59088714216716,premium,Lima,2025-01-01 02:44:00
166,1010,12.627595004366837,69.97742400563902,standard,Nairobi,2025-01-01 02:45:00
167,1048,19.925404212571586,40.00611253395847,pool,Nairobi,2025-01-01 02:46:00
168,1031,9.459226676458801,43.79924491058479,standard,Berlin,2025-01-01 02:47:00
169,1013,6.767422172759485,72.54006776730229,pool,Lima,2025-01-01 02:48:00
170,1001,20.066356909608324,13.835040117946702,standard,Berlin,2025-01-01 02:49:00
171,1041,15.078379360098193,12.142386308551124,standard,Nairobi,2025-01-01 02:50:00
172,1048,20.962153417181696,74.77364223411382,pool,Lima,2025-01-01 02:51:00
173,1034,15.505118671657295,67.89753772845663,premium,Berlin,2025-01-01 02:52:00
174,1020,13.61068117227012,74.72213502374562,pool,Toronto,2025-01-01 02:53:00
175,1017,27.40256553153892,72.63003796020996,standard,Toronto,2025-01-01 02:54:00
176,1035,18.038672300025034,22.22259702122324,premium,Berlin,2025-01-01 02:55:00
177,1047,17.093788284569776,23.20194532456717,premium,Toronto,2025-01-01 02:56:00
178,1040,26.827055056731638,52.31114806177719,premium,Toronto,2025-01-01 02:57:00
179,1024,5.580736984315511,43.842893614797646,premium,Seoul,2025-01-01 02:58:00
180,1027,13.926615368123839,22.428424567658986,pool,Lima,2025-01-01 02:59:00
181,1044,27.410366646752646,35.714680014517484,standard,Toronto,2025-01-01 03:00:00
182,1018,10.459758137662826,43.18646524217865,premium,Seoul,2025-01-01 03:01:00
183,1033,26.88388134814008,34.18442878388487,premium,Nairobi,2025-01-01 03:02:00
184,1040,10.970511664750072,8.544931541669337,pool,Toronto,2025-01-01 03:03:00
185,1006,1.6841606254616295,53.27674141136525,premium,Seoul,2025-01-01 03:04:00
186,1024,10.229144318584414,45.61157529475241,pool,Lima,2025-01-01 03:05:00
187,1040,4.2673006709127215,23.387170621920102,pool,Lima,2025-01-01 03:06:00
188,1043,10.455347948173037,16.3705405918583,pool,Seoul,2025-01-01 03:07:00
189,1034,29.176291616990376,68.60857383886454,premium,Nairobi,2025-01-01 03:08:00
190,1009,9.406044157124947,13.93238752835757,standard,Toronto,2025-01-01 03:09:00
191,1021,27.953686400142733,35.46092285183441,standard,Toronto,2025-01-01 03:10:00
192,1027,21.530007084683135,25.42257711113659,pool,Nairobi,2025-01-01 03:11:00
193,1034,12.375410488194579,66.63454500093545,pool,Berlin,2025-01-01 03:12:00
194,1038,28.52739614374398,27.86645506236462,standard,Seoul,2025-01-01 03:13:00
195,1039,23.142264784391987,10.07368862729659,premium,Lima,2025-01-01 03:14:00
196,1011,18.262976998647016,58.90322401756699,pool,Berlin,2025-01-01 03:15:00
197,1021,18.559455890687016,6.261710422923123,pool,Berlin,2025-01-01 03:16:00
198,1019,10.84383983291563,73.64832406678036,standard,Seoul,2025-01-01 03:17:00
199,1047,21.51120854831401,9.552250027128407,pool,Berlin,2025-01-01 03:18:00
200,1047,5.038790653977495,34.67572279390575,premium,Nairobi,2025-01-01 03:19:00
201,1041,20.282817088184125,14.407720813559498,standard,Berlin,2025-01-01 03:20:00
202,1006,1.574670717783473,69.36163166383524,pool,Nairobi,2025-01-01 03:21:00
203,1016,17.946684278680355,53.60897078334905,pool,Toronto,2025-01-01 03:22:00
204,1001,9.028448998230656,61.37130254984525,premium,Nairobi,2025-01-01 03:23:00
205,1049,11.254256698208112,18.816296622976843,pool,Nairobi,2025-01-01 03:24:00
206,1001,2.790557460055277,54.90749430381645,standard,Lima,2025-01-01 03:25:00
207,1040,5.7776738180184575,66.90089858628392,pool,Lima,2025-01-01 03:26:00
208,1005,4.195026007722168,6.7068168974967985,premium,Toronto,2025-01-01 03:27:00
209,1030,1.8746352059825733,7.372520570368186,premium,Seoul,2025-01-01 03:28:00
210,1011,15.749924081873848,70.03229596954625,standard,Berlin,2025-01-01 03:29:00
211,1045,11.437016306782926,5.291133874277022,standard,Toronto,2025-01-01 03:30:00
212,1028,10.820806530396178,40.41281778866389,premium,Berlin,2025-01-01 03:31:00
213,1026,12.485528008619292,52.31196530654565,standard,Berlin,2025-01-01 03:32:00
214,1048,9.128341018003821,57.17067605272079,premium,Nairobi,2025-01-01 03:33:00
215,1017,2.9151759044647703,60.63429952686948,pool,Toronto,2025-01-01 03:34:00
216,1042,28.172522194773553,72.26615770410024,pool,Toronto,2025-01-01 03:35:00
217,1004,11.071030451081695,68.60577721042489,pool,Seoul,2025-01-01 03:36:00
218,1027,3.475120341332471,54.395763329404936,pool,Nairobi,2025-01-01 03:37:00
219,1013,7.280583094131456,34.502567093390404,standard,Seoul,2025-01-01 03:38:00
220,1036,10.862016224417603,73.53347992563663,pool,Toronto,2025-01-01 03:39:00
221,1008,1.0979738780772408,69.69536956637268,pool,Berlin,2025-01-01 03:40:00
222,1033,28.480971911652123,42.384057132198656,premium,Toronto,2025-01-01 03:41:00
223,1023,2.2754279479770574,60.21385982833594,standard,Seoul,2025-01-01 03:42:00
224,1013,10.927325480517045,30.333714205403922,pool,Berlin,2025-01-01 03:43:00
225,1028,16.608379365278488,63.23089646501867,standard,Berlin,2025-01-01 03:44:00
226,1035,7.288669169854709,20.941925669720586,pool,Berlin,2025-01-01 03:45:00
227,1013,23.27297344906684,52.49643640014484,premium,Seoul,2025-01-01 03:46:00
228,1004,17.675194551033236,43.760871382712374,pool,Berlin,2025-01-01 03:47:00
229,1014,25.951902359858288,47.835467994405136,standard,Lima,2025-01-01 03:48:00
230,1031,1.0809630778017207,20.0847373726634,standard,Lima,2025-01-01 03:49:00
231,1009,4.452156474043843,67.98970240218746,standard,Seoul,2025-01-01 03:50:00
232,1003,24.038135216076295,67.3897485716718,pool,Lima,2025-01-01 03:51:00
233,1009,7.897932830487098,26.769894028273807,pool,Seoul,2025-01-01 03:52:00
234,1019,26.490288234555752,40.99150407575974,standard,Toronto,2025-01-01 03:53:00
235,1037,3.716164614103048,59.95234458104315,premium,Berlin,2025-01-01 03:54:00
236,1015,10.210370058883731,62.11237394671433,standard,Nairobi,2025-01-01 03:55:00
237,1016,24.46876405417027,52.344915926363946,premium,Berlin,2025-01-01 03:56:00
238,1034,9.483481774630205,70.40867463501704,standard,Nairobi,2025-01-01 03:57:00
239,1036,9.266053201063132,47.674174460004664,standard,Nairobi,2025-01-01 03:58:00
240,1009,16.456019808879304,17.507405100180147,standard,Berlin,2025-01-01 03:59:00
241,1039,18.25497854999397,23.935404183397896,premium,Seoul,2025-01-01 04:00:00
242,1023,18.81113306039958,45.39970226320886,pool,Seoul,2025-01-01 04:01:00
243,1017,16.04561638881724,74.53589888855872,premium,Lima,2025-01-01 04:02:00
244,1036,15.124767045407884,48.39284979379677,premium,Seoul,2025-01-01 04:03:00
245,1043,2.051196773729042,22.70506836021635,premium,Seoul,2025-01-01 04:04:00
246,1040,8.927111590297052,56.66060284462054,pool,Lima,2025-01-01 04:05:00
247,1026,29.784965219272625,20.807298668896554,premium,Seoul,2025-01-01 04:06:00
248,1031,15.093272789751804,46.994212629490065,standard,Berlin,2025-01-01 04:07:00
249,1044,19.61274701008673,36.395507087257556,standard,Berlin,2025-01-01 04:08:00
250,1040,21.112981179792985,73.42439678173643,premium,Seoul,2025-01-01 04:09:00
251,1025,21.987892088622605,22.715773028213704,premium,Seoul,2025-01-01 04:10:00
252,1035,28.798440511192187,60.74076740907828,standard,Toronto,2025-01-01 04:11:00
253,1034,16.061090485683188,57.40111696299949,premium,Berlin,2025-01-01 04:12:00
254,1029,10.591754568933728,26.67821825038892,premium,Nairobi,2025-01-01 04:13:00
255,1013,11.80559152615813,22.657910471708792,standard,Berlin,2025-01-01 04:14:00
256,1045,24.488166483241955,57.001760406717544,standard,Seoul,2025-01-01 04:15:00
257,1027,28.832188089330753,29.88987265201629,standard,Seoul,2025-01-01 04:16:00
258,1024,22.781174363240595,39.37336083737249,standard,Berlin,2025-01-01 04:17:00
259,1033,14.976306479077245,61.718855268784196,standard,Toronto,2025-01-01 04:18:00
260,1048,16.14873030555625,5.235978520262901,pool,Toronto,2025-01-01 04:19:00
261,1015,29.900869989694957,35.00440679100673,standard,Lima,2025-01-01 04:20:00
262,1027,25.8634781024249,7.38337850621407,premium,Berlin,2025-01-01 04:21:00
263,1016,14.758150652572198,52.34863322595439,standard,Lima,2025-01-01 04:22:00
264,1031,19.68973907531186,50.44845570749964,standard,Nairobi,2025-01-01 04:23:00
265,1025,6.674962254067144,55.15822226382577,premium,Nairobi,2025-01-01 04:24:00
266,1049,18.106048248463065,46.506867718744424,premium,Nairobi,2025-01-01 04:25:00
267,1014,23.367781738999536,27.21791688974755,premium,Seoul,2025-01-01 04:26:00
268,1044,11.45088312573995,15.761379888323376,premium,Lima,2025-01-01 04:27:00
269,1005,21.099430752445116,13.016121887524273,standard,Seoul,2025-01-01 04:28:00
270,1040,15.96551664821685,69.41184027493745,standard,Nairobi,2025-01-01 04:29:00
271,1003,9.110028116722573,14.471672573903852,pool,Berlin,2025-01-01 04:30:00
272,1010,4.390256906364479,13.580171995614059,standard,Nairobi,2025-01-01 04:31:00
273,1013,27.82071380108634,14.55570969585301,pool,Lima,2025-01-01 04:32:00
274,1011,3.2831899550139996,68.29972153388357,premium,Nairobi,2025-01-01 04:33:00
275,1021,24.154718030451914,27.46864519598265,premium,Nairobi,2025-01-01 04:34:00
276,1045,2.4606335142402274,20.147773049703407,pool,Berlin,2025-01-01 04:35:00
277,1004,29.51028793999187,54.826405279699465,standard,Seoul,2025-01-01 04:36:00
278,1013,25.21145968103872,56.559697945783476,pool,Berlin,2025-01-01 04:37:00
279,1016,13.27626585991202,16.32190407689265,standard,Lima,2025-01-01 04:38:00
280,1044,8.184272796715124,28.197797577632063,premium,Berlin,2025-01-01 04:39:00
281,1027,17.522111670338735,60.47286769033101,standard,Toronto,2025-01-01 04:40:00
282,1013,9.198459953614304,70.57480781757705,standard,Nairobi,2025-01-01 04:41:00
283,1001,9.103720591153321,29.801333982423152,standard,Seoul,2025-01-01 04:42:00
284,1032,17.632330159040226,35.79413282645413,pool,Seoul,2025-01-01 04:43:00
285,1048,26.433950963850496,43.81069459948318,premium,Toronto,2025-01-01 04:44:00
286,1004,20.311150379199596,33.926756360051755,pool,Nairobi,2025-01-01 04:45:00
287,1021,2.4565098396506535,60.04578466090595,standard,Nairobi,2025-01-01 04:46:00
288,1029,18.40766636985869,31.52043383192594,standard,Seoul,2025-01-01 04:47:00
289,1026,11.140890124259542,68.10531204369791,premium,Nairobi,2025-01-01 04:48:00
290,1047,8.322437233872881,27.593148493005707,premium,Seoul,2025-01-01 04:49:00
291,1033,6.949245089066036,44.423848876870935,standard,Berlin,2025-01-01 04:50:00
292,1017,22.52049196147424,12.762648109825044,standard,Berlin,2025-01-01 04:51:00
293,1027,17.782742205813012,30.95123186029018,premium,Seoul,2025-01-01 04:52:00
294,1006,22.771909708137187,52.523802786988334,premium,Lima,2025-01-01 04:53:00
295,1016,7.995922663420569,14.680541255534354,standard,Toronto,2025-01-01 04:54:00
296,1043,19.276597424001334,21.199588797233496,standard,Nairobi,2025-01-01 04:55:00
297,1039,23.524161672799597,32.02670019171293,pool,Toronto,2025-01-01 04:56:00
298,1016,17.64168867653846,32.11843077219796,pool,Nairobi,2025-01-01 04:57:00
299,1044,13.961004203124595,12.592181297595307,standard,Lima,2025-01-01 04:58:00
300,1026,28.072476425123877,13.361658049521077,pool,Nairobi,2025-01-01 04:59:00
301,1039,14.956743195962439,38.21661423304215,standard,Toronto,2025-01-01 05:00:00
302,1040,11.776998797805971,19.5206486527223,pool,Seoul,2025-01-01 05:01:00
303,1002,7.469617425872127,19.784329235496227,pool,Seoul,2025-01-01 05:02:00
304,1018,4.929362569791704,21.538731960069175,pool,Lima,2025-01-01 05:03:00
305,1001,14.920544981445074,17.01257449422522,premium,Toronto,2025-01-01 05:04:00
306,1011,21.756645678916545,44.66550364895005,standard,Nairobi,2025-01-01 05:05:00
307,1045,27.01156944945318,37.25008054351327,pool,Lima,2025-01-01 05:06:00
308,1049,3.958232447458578,15.856208229665764,premium,Lima,2025-01-01 05:07:00
309,1011,8.628888234963188,64.40831298940628,standard,Toronto,2025-01-01 05:08:00
310,1037,16.857193362122366,19.693906581140592,pool,Lima,2025-01-01 05:09:00
311,1011,16.939030230550934,65.59836018170074,standard,Berlin,2025-01-01 05:10:00
312,1015,4.715679838936929,18.398088311759153,premium,Lima,2025-01-01 05:11:00
313,1033,27.415344375201073,21.23619054417466,standard,Berlin,2025-01-01 05:12:00
314,1011,4.450558946635332,35.501531832829635,standard,Nairobi,2025-01-01 05:13:00
315,1035,20.384202371170854,20.283863671608934,premium,Nairobi,2025-01-01 05:14:00
316,1011,28.03333626932282,67.32922034597843,standard,Berlin,2025-01-01 05:15:00
317,1016,22.239634965554917,73.80823449809115,standard,Nairobi,2025-01-01 05:16:00
318,1019,27.2944457987504,72.56051157997801,pool,Toronto,2025-01-01 05:17:00
319,1049,20.205626372851714,58.54088835617732,premium,Nairobi,2025-01-01 05:18:00
320,1002,23.326050398111768,36.619907990435465,premium,Nairobi,2025-01-01 05:19:00
321,1015,18.014808971328865,44.301135865576356,standard,Nairobi,2025-01-01 05:20:00
322,1020,9.281835612187537,53.336275863858056,standard,Nairobi,2025-01-01 05:21:00
323,1045,9.347631051902205,16.050745820901287,standard,Seoul,2025-01-01 05:22:00
324,1025,28.892667473227878,60.400262677221434,pool,Berlin,2025-01-01 05:23:00
325,1035,3.482186920214451,14.144607743874966,premium,Seoul,2025-01-01 05:24:00
326,1005,11.399938523693725,71.53430281188861,standard,Toronto,2025-01-01 05:25:00
327,1007,23.335211222221304,70.2753821942983,standard,Berlin,2025-01-01 05:26:00
328,1046,2.750027257191683,28.85837678599905,standard,Nairobi,2025-01-01 05:27:00
329,1015,9.771526038916168,74.98202157253938,standard,Lima,2025-01-01 05:28:00
330,1041,15.469582673511301,62.04013182029396,premium,Seoul,2025-01-01 05:29:00
331,1012,28.733815723962408,52.59553612225079,premium,Toronto,2025-01-01 05:30:00
332,1026,2.6308627292784044,55.897139100052904,premium,Nairobi,2025-01-01 05:31:00
333,1011,5.289977497096828,54.634359143241966,standard,Nairobi,2025-01-01 05:32:00
334,1010,1.3552377380117653,5.69193846607128,standard,Nairobi,2025-01-01 05:33:00
335,1023,15.927869569644116,34.09999261562276,premium,Lima,2025-01-01 05:34:00
336,1028,28.662569388661378,52.120351073679494,standard,Nairobi,2025-01-01 05:35:00
337,1003,2.3712595671050463,72.94845945085518,pool,Toronto,2025-01-01 05:36:00
338,1015,14.946636076068808,63.33009408583539,standard,Nairobi,2025-01-01 05:37:00
339,1021,5.27687109696005,73.21997227678337,pool,Toronto,2025-01-01 05:38:00
340,1025,7.691799037568031,30.547002090632926,standard,Nairobi,2025-01-01 05:39:00
341,1038,26.083663492893212,49.82841999509438,premium,Nairobi,2025-01-01 05:40:00
342,1018,21.741287254584133,23.59001660434281,pool,Seoul,2025-01-01 05:41:00
343,1002,5.2551441351125625,35.2770362288732,pool,Nairobi,2025-01-01 05:42:00
344,1032,20.71787319705287,7.685562623223352,pool,Seoul,2025-01-01 05:43:00
345,1003,25.061713595655064,34.553659796864025,standard,Lima,2025-01-01 05:44:00
346,1035,8.983617258188943,25.69463120922759,premium,Seoul,2025-01-01 05:45:00
347,1048,8.081654316765139,20.707226710896702,premium,Seoul,2025-01-01 05:46:00
348,1009,1.0749328929067006,56.35801893252937,standard,Berlin,2025-01-01 05:47:00
349,1040,5.289045363364861,16.882201669968545,premium,Toronto,2025-01-01 05:48:00
350,1033,15.283297142884308,46.64012485072824,premium,Seoul,2025-01-01 05:49:00
351,1021,22.23803194435859,28.905282847185106,pool,Lima,2025-01-01 05:50:00
352,1027,8.797052128281958,62.955599781029804,premium,Lima,2025-01-01 05:51:00
353,1020,22.312613499604577,32.563146785528815,pool,Nairobi,2025-01-01 05:52:00
354,1006,5.06740645271111,12.945960951716614,standard,Seoul,2025-01-01 05:53:00
355,1043,18.699720824074255,50.74979672432869,standard,Nairobi,2025-01-01 05:54:00
356,1029,12.932373905283558,34.16981645600075,pool,Seoul,2025-01-01 05:55:00
357,1001,1.2586306291314355,74.78140030762404,standard,Berlin,2025-01-01 05:56:00
358,1031,22.149866105386632,49.76290402462911,pool,Seoul,2025-01-01 05:57:00
359,1026,10.591963435622606,64.12220661214728,standard,Seoul,2025-01-01 05:58:00
360,1022,3.1219643450075414,30.38040163679188,premium,Berlin,2025-01-01 05:59:00
361,1020,5.869296629459749,58.21414695167575,premium,Toronto,2025-01-01 06:00:00
362,1049,16.381530718562622,74.7633779609565,pool,Berlin,2025-01-01 06:01:00
363,1038,8.407056800798616,64.4431379020503,pool,Lima,2025-01-01 06:02:00
364,1016,1.020096665762237,26.325841042238775,pool,Lima,2025-01-01 06:03:00
365,1037,24.062115942148033,71.85680498648799,pool,Seoul,2025-01-01 06:04:00
366,1003,24.897788320771053,24.680084085806836,premium,Berlin,2025-01-01 06:05:00
367,1022,14.048904833494833,39.87629404921678,pool,Toronto,2025-01-01 06:06:00
368,1008,19.347133395758853,13.597242028970118,premium,Lima,2025-01-01 06:07:00
369,1028,2.775132399723533,73.08007938798288,pool,Nairobi,2025-01-01 06:08:00
370,1021,23.16360977165062,55.62051914742561,premium,Seoul,2025-01-01 06:09:00
371,1014,15.019532096832247,49.04427442494101,standard,Berlin,2025-01-01 06:10:00
372,1010,12.899399735384273,60.514511195455746,pool,Seoul,2025-01-01 06:11:00
373,1028,10.880182368011393,45.71390964889456,standard,Berlin,2025-01-01 06:12:00
374,1007,5.52825024733626,74.88550730502611,pool,Lima,2025-01-01 06:13:00
375,1014,11.850660612473193,26.68249901367277,pool,Lima,2025-01-01 06:14:00
376,1038,5.984822773905663,38.06874994419841,pool,Lima,2025-01-01 06:15:00
377,1012,8.817033364751143,59.85790481579448,pool,Nairobi,2025-01-01 06:16:00
378,1003,10.782033448795971,72.13018259968173,standard,Berlin,2025-01-01 06:17:00
379,1022,26.774851940412805,64.68847583748607,pool,Toronto,2025-01-01 06:18:00
380,1023,24.509852479860157,63.54464531517118,premium,Berlin,2025-01-01 06:19:00
381,1015,27.19519256770521,22.712440727288058,premium,Toronto,2025-01-01 06:20:00
382,1001,27.046422059198555,30.964854832170854,premium,Lima,2025-01-01 06:21:00
383,1007,4.813316045571137,52.29962767263937,standard,Toronto,2025-01-01 06:22:00
384,1026,29.17850208251204,33.54647047452853,premium,Seoul,2025-01-01 06:23:00
385,1039,26.575470835997656,10.303044878277131,pool,Toronto,2025-01-01 06:24:00
386,1033,21.51981861980745,15.921978222567823,standard,Seoul,2025-01-01 06:25:00
387,1031,23.201936764009307,24.9023995562455,standard,Lima,2025-01-01 06:26:00
388,1037,28.69675602530064,22.651829106695825,standard,Toronto,2025-01-01 06:27:00
389,1018,17.95345939090423,19.43075774468698,premium,Nairobi,2025-01-01 06:28:00
390,1044,22.54176561411065,34.81498541727529,standard,Berlin,2025-01-01 06:29:00
391,1024,1.296748699549667,17.62195437650218,pool,Nairobi,2025-01-01 06:30:00
392,1022,6.448679508250945,25.27903967523897,standard,Seoul,2025-01-01 06:31:00
393,1024,11.144710896482241,26.2624964756002,premium,Seoul,2025-01-01 06:32:00
394,1019,14.710158452371786,50.156283951100605,premium,Nairobi,2025-01-01 06:33:00
395,1010,9.286336721295067,39.18838974793611,pool,Toronto,2025-01-01 06:34:00
396,1020,2.1688730634366853,35.459245101473,standard,Toronto,2025-01-01 06:35:00
397,1032,28.751683643897096,74.27888212016258,standard,Nairobi,2025-01-01 06:36:00
398,1031,4.573569212337122,35.13179147089404,pool,Toronto,2025-01-01 06:37:00
399,1003,23.73655658025736,8.491410176131026,standard,Seoul,2025-01-01 06:38:00
400,1045,20.23562373950244,9.14140900322744,pool,Nairobi,2025-01-01 06:39:00
401,1010,3.2434208314831343,25.1938936223547,premium,Seoul,2025-01-01 06:40:00
402,1033,24.11982266002468,34.11084359027058,premium,Seoul,2025-01-01 06:41:00
403,1037,11.376079982447877,18.224961232356737,pool,Nairobi,2025-01-01 06:42:00
404,1009,16.653852439254546,35.92926770594721,pool,Nairobi,2025-01-01 06:43:00
405,1002,14.901128030371861,33.50787576255023,standard,Berlin,2025-01-01 06:44:00
406,1023,4.702514648935898,20.309208766095473,standard,Seoul,2025-01-01 06:45:00
407,1020,4.008342986177265,23.672792506016812,pool,Nairobi,2025-01-01 06:46:00
408,1023,19.432121373584447,51.921866878229174,pool,Nairobi,2025-01-01 06:47:00
409,1018,16.947855048000854,14.373520893495478,pool,Nairobi,2025-01-01 06:48:00
410,1035,6.146189577391516,6.5206130273470215,premium,Berlin,2025-01-01 06:49:00
411,1008,4.49820281468017,21.948505278972085,standard,Berlin,2025-01-01 06:50:00
412,1029,25.616669397425525,67.17740017808228,pool,Seoul,2025-01-01 06:51:00
413,1046,14.453372046435742,69.72094423467594,standard,Toronto,2025-01-01 06:52:00
414,1004,13.103999064787066,65.82407089669405,premium,Toronto,2025-01-01 06:53:00
415,1000,15.562555885143272,53.36007127042034,premium,Nairobi,2025-01-01 06:54:00
416,1006,14.873005719988369,73.74950656423232,pool,Lima,2025-01-01 06:55:00
417,1002,14.398751947786025,37.64932671485482,premium,Nairobi,2025-01-01 06:56:00
418,1048,21.413563424822286,48.95613941849809,standard,Nairobi,2025-01-01 06:57:00
419,1034,26.166525710314925,18.358232893842477,standard,Nairobi,2025-01-01 06:58:00
420,1022,4.871534533239688,25.60971108021176,standard,Lima,2025-01-01 06:59:00
421,1021,13.75484446270047,17.98273933561881,standard,Seoul,2025-01-01 07:00:00
422,1007,3.229286570280398,67.26686812217758,premium,Seoul,2025-01-01 07:01:00
423,1014,7.997414170164826,15.694244541795928,standard,Toronto,2025-01-01 07:02:00
424,1049,24.96162075993525,21.844849661712097,standard,Nairobi,2025-01-01 07:03:00
425,1023,19.666658882273268,59.55011431813013,pool,Lima,2025-01-01 07:04:00
426,1011,22.20787673496015,61.13650625372341,pool,Toronto,2025-01-01 07:05:00
427,1038,25.531232329963256,24.178722378563034,standard,Nairobi,2025-01-01 07:06:00
428,1021,19.135657820110115,36.745942944155026,pool,Toronto,2025-01-01 07:07:00
429,1009,4.686512910997644,22.740072493616523,pool,Berlin,2025-01-01 07:08:00
430,1028,4.8838789600804215,54.68966242389748,pool,Nairobi,2025-01-01 07:09:00
431,1012,11.350650231152178,19.448442745489363,pool,Lima,2025-01-01 07:10:00
432,1008,28.619467362075824,31.333486495481537,pool,Berlin,2025-01-01 07:11:00
433,1047,21.702993396082928,40.51618356356469,standard,Seoul,2025-01-01 07:12:00
434,1036,5.749781348694486,26.92447232374907,standard,Lima,2025-01-01 07:13:00
435,1049,9.126493889558345,70.13007243800658,pool,Lima,2025-01-01 07:14:00
436,1047,25.574690521390114,65.01216314392875,premium,Berlin,2025-01-01 07:15:00
437,1028,20.416385561303276,53.410890250514726,standard,Berlin,2025-01-01 07:16:00
438,1046,29.826757523008755,72.58237568370046,standard,Lima,2025-01-01 07:17:00
439,1035,4.726427844248208,68.15957698203462,standard,Berlin,2025-01-01 07:18:00
440,1038,16.727691452080133,22.423907108500785,premium,Nairobi,2025-01-01 07:19:00
441,1004,19.33409795274547,11.32563786821966,premium,Lima,2025-01-01 07:20:00
442,1004,10.198644860126569,66.52202192211988,pool,Berlin,2025-01-01 07:21:00
443,1011,12.319513448637398,27.117911671127676,premium,Lima,2025-01-01 07:22:00
444,1025,23.329436856287547,49.645407295373786,standard,Nairobi,2025-01-01 07:23:00
445,1022,6.683728559957999,9.828132212596326,pool,Berlin,2025-01-01 07:24:00
446,1033,14.547540319118092,32.293533315705105,standard,Seoul,2025-01-01 07:25:00
447,1019,28.34178195176641,56.22490029843567,premium,Seoul,2025-01-01 07:26:00
448,1020,12.558443065628289,23.701189614320278,pool,Seoul,2025-01-01 07:27:00
449,1047,19.550073091511322,6.143066928547247,standard,Berlin,2025-01-01 07:28:00
450,1026,2.424371333976665,40.95368231869385,premium,Nairobi,2025-01-01 07:29:00
451,1045,16.56005631247278,66.57790486506826,pool,Toronto,2025-01-01 07:30:00
452,1034,8.943788243301046,12.465624171060119,pool,Berlin,2025-01-01 07:31:00
453,1047,13.553879709955972,50.430655190956976,standard,Berlin,2025-01-01 07:32:00
454,1035,1.702512548068909,41.158281615825814,pool,Seoul,2025-01-01 07:33:00
455,1000,10.888015070792669,35.50491998523283,pool,Berlin,2025-01-01 07:34:00
456,1011,5.3562033331290015,16.372769079736592,pool,Toronto,2025-01-01 07:35:00
457,1036,22.135054605632348,51.26311846263064,premium,Toronto,2025-01-01 07:36:00
458,1030,18.251743384714533,11.113141016314973,premium,Seoul,2025-01-01 07:37:00
459,1026,23.47385618791738,69.47995120986319,premium,Seoul,2025-01-01 07:38:00
460,1025,9.722302393869473,46.50920644810328,premium,Lima,2025-01-01 07:39:00
461,1047,22.634550756311537,11.783565699791163,premium,Toronto,2025-01-01 07:40:00
462,1021,5.4047183591901415,9.710160908618729,pool,Lima,2025-01-01 07:41:00
463,1043,24.363533391065662,68.69576553290779,premium,Nairobi,2025-01-01 07:42:00
464,1027,28.15828582708589,58.61466241721744,standard,Lima,2025-01-01 07:43:00
465,1027,5.247189848312414,7.886058239403476,premium,Toronto,2025-01-01 07:44:00
466,1014,28.39516508800905,26.635995845202526,standard,Lima,2025-01-01 07:45:00
467,1027,1.011869934882252,44.25521107484307,premium,Seoul,2025-01-01 07:46:00
468,1023,28.38995844931115,29.344239377089494,pool,Nairobi,2025-01-01 07:47:00
469,1046,1.1682315232093585,11.874464432739032,premium,Nairobi,2025-01-01 07:48:00
470,1025,24.62355515408571,28.003924893344823,premium,Toronto,2025-01-01 07:49:00
471,1028,26.78387582758959,6.030769403427481,premium,Lima,2025-01-01 07:50:00
472,1012,10.776481982892154,40.249338726226,premium,Toronto,2025-01-01 07:51:00
473,1016,9.467765546894341,33.24933861759235,pool,Lima,2025-01-01 07:52:00
474,1001,21.385204766861847,16.366287647265516,premium,Seoul,2025-01-01 07:53:00
475,1034,24.931600289271124,50.96845350989734,premium,Nairobi,2025-01-01 07:54:00
476,1014,22.912583029470564,63.561617343614465,pool,Lima,2025-01-01 07:55:00
477,1006,5.255887497102701,12.730480101567043,premium,Seoul,2025-01-01 07:56:00
478,1034,25.669894443371454,16.71400826125345,standard,Seoul,2025-01-01 07:57:00
479,1037,17.786779993654562,12.079593239915134,standard,Berlin,2025-01-01 07:58:00
480,1006,4.770294807105733,57.1709239125423,premium,Toronto,2025-01-01 07:59:00
481,1005,13.797135828397856,10.166387390059004,standard,Seoul,2025-01-01 08:00:00
482,1016,11.496674415227078,12.8701332809436,pool,Seoul,2025-01-01 08:01:00
483,1003,13.754988486272264,20.022681659044217,pool,Lima,2025-01-01 08:02:00
484,1006,11.612274210013119,8.405927384590282,standard,Nairobi,2025-01-01 08:03:00
485,1040,23.251160037632353,52.08438711958647,premium,Berlin,2025-01-01 08:04:00
486,1000,14.115929676475353,71.4630709817661,standard,Seoul,2025-01-01 08:05:00
487,1042,24.057147878217318,57.20312818134929,standard,Berlin,2025-01-01 08:06:00
488,1020,28.021323118409914,70.94011552137698,pool,Lima,2025-01-01 08:07:00
489,1032,20.10280717553168,36.17643233913017,premium,Lima,2025-01-01 08:08:00
490,1010,19.02897287258661,63.96160713813233,premium,Lima,2025-01-01 08:09:00
491,1022,6.671397394908457,56.50167702928738,standard,Lima,2025-01-01 08:10:00
492,1049,16.896373338391754,19.500292145997182,pool,Berlin,2025-01-01 08:11:00
493,1019,25.89597473901254,74.98641622200483,standard,Toronto,2025-01-01 08:12:00
494,1047,5.142345432194101,53.53029185939826,pool,Berlin,2025-01-01 08:13:00
495,1027,28.669583907968494,17.59824840549898,premium,Nairobi,2025-01-01 08:14:00
496,1046,4.329770742720386,26.08381732187671,pool,Berlin,2025-01-01 08:15:00
497,1034,16.327620370789802,10.468289627587566,premium,Toronto,2025-01-01 08:16:00
498,1048,16.487936266983635,18.370410985529933,standard,Seoul,2025-01-01 08:17:00
499,1000,10.111665084433335,43.059249710140186,pool,Lima,2025-01-01 08:18:00
500,1047,24.28016848545704,53.245134018021126,pool,Berlin,2025-01-01 08:19:00
